{
    "Lundi": [
        {
            "time": "08:00 - 10:00",
            "location": "STPI6",
            "module": "TP Systèmes répartis et sécurité 1",
            "professor": "A.Tahiri"
        },
        {
            "time": "10:30 - 12:30",
            "location": "S203",
            "module": "Systèmes répartis et sécurité 1",
            "professor": "A.Tahiri"
        },
        {
            "time": "14:00 - 16:00",
            "location": "Amphi",
            "module": "Management 2",
            "professor": "Ech-Charrat"
        },
        {
            "time": "16:30 - 18:00",
            "location": "Amphi",
            "module": "Management 2",
            "professor": "Ech-Charrat"
        }
    ],
    "Mardi": [
        {
            "time": "08:00 - 10:00",
            "location": "S203",
            "module": "Systèmes embarqués et temps réel 1",
            "professor": "El Adib"
        },
        {
            "time": "10:30 - 12:30",
            "location": "S203",
            "module": "TD Systèmes embarqués et temps réel 1",
            "professor": "El Adib"
        }
    ],
    "Mercredi": [
        {
            "time": "08:00 - 10:00",
            "location": "S203",
            "module": "Informatique Industrielle"
        },
        {
            "time": "10:30 - 12:30",
            "location": "S203",
            "module": "TD Informatique Industrielle"
        },
        {
            "time": "14:00 - 18:00",
            "event": "Activités des étudiants"
        }
    ],
    "Jeudi": [
        {
            "time": "08:00 - 10:00",
            "location": "S203",
            "module": "Traitement de l'image et de la parole",
            "professor": "Charif/Bolajraf"
        },
        {
            "time": "10:30 - 12:30",
            "location": "S203",
            "module": "TD Traitement de l'image et de la parole",
            "professor": "Charif/Bolajraf"
        }
    ],
    "Vendredi": [
        {
            "time": "08:00 - 10:00",
            "location": "S203",
            "module": "C# et Bases de Données relationnelles",
            "professor": "Chrayah"
        },
        {
            "time": "10:30 - 12:30",
            "location": "STPI6",
            "module": "TP C# et Bases de Données relationnelles",
            "professor": "Chrayah"
        }
    ],
    "Samedi": []
}