{
    "Lundi": [
        {
            "time": "08:00 - 10:00",
            "location": "S206",
            "module": "Fondamentaux de l'intelligence artificielle",
            "professor": "Belcaid"
        },
        {
            "time": "10:30 - 12:30",
            "location": "S206",
            "module": "Fondamentaux de l'intelligence artificielle",
            "professor": "Belcaid"
        },
        {
            "time": "14:30 - 16:30",
            "location": "Amphi",
            "module": "Management 2",
            "professor": "Ech-Charrat"
        }
    ],
    "Mardi": [
        {
            "time": "08:00 - 10:00",
            "location": "S206",
            "module": "Théorie de l'information",
            "professor": "Wadiai"
        },
        {
            "time": "10:30 - 12:30",
            "location": "S206",
            "module": "Théorie de l'information",
            "professor": "Wadiai"
        },
        {
            "time": "14:30 - 16:30",
            "location": "S206",
            "module": "Analyse du web",
            "professor": "Sassi"
        }
    ],
    "Mercredi": [
        {
            "time": "08:00 - 10:00",
            "location": "S206",
            "module": "Éthique et droit",
            "professor": "Rekaloui"
        },
        {
            "time": "10:30 - 12:30",
            "location": "S206",
            "module": "Éthique et droit",
            "professor": "Rekaloui"
        },
        {
            "time": "14:30 - 18:00",
            "event": "Activités des étudiants"
        }
    ],
    "Jeudi": [
        {
            "time": "08:00 - 10:00",
            "location": "S206",
            "module": "Applications de l'intelligence artificielle",
            "professor": "Aghzout"
        },
        {
            "time": "10:30 - 12:30",
            "location": "S206",
            "module": "Applications de l'intelligence artificielle",
            "professor": "Aghzout"
        }
    ],
    "Vendredi": [
        {
            "time": "08:00 - 10:00",
            "location": "S206",
            "module": "Les techniques de veille",
            "professor": "Aghzout"
        },
        {
            "time": "10:30 - 12:30",
            "location": "S206",
            "module": "Les techniques de veille",
            "professor": "Aghzout"
        }
    ],
    "Samedi": []
}