{
    "Lundi": [
        {
            "time": "14:00 - 16:00",
            "location": "Amphi",
            "module": "Management 2",
            "professor": "Ech-Charrat"
        },
        {
            "time": "16:30 - 18:00",
            "location": "Amphi",
            "module": "Management 2",
            "professor": "Ech-Charrat"
        }
    ],
    "Mardi": [
        {
            "time": "08:00 - 10:00",
            "location": "S205",
            "module": "TP-1 Bases de Données relationnelles: Objet et Répartie",
            "professor": "Chrayah"
        },
        {
            "time": "10:30 - 12:30",
            "location": "S205",
            "module": "Bases de Données relationnelles: Objet et Répartie",
            "professor": "Chrayah"
        },
        {
            "time": "14:00 - 16:00",
            "location": "S205",
            "module": "TP-2 Bases de Données relationnelles: Objet et Répartie",
            "professor": "Chrayah"
        }
    ],
    "Mercredi": [
        {
            "time": "08:00 - 10:00",
            "location": "S205",
            "module": "TP-2 Intelligence artificielle",
            "professor": "El Younoussi"
        },
        {
            "time": "10:30 - 12:30",
            "location": "S205",
            "module": "Intelligence artificielle",
            "professor": "El Younoussi"
        },
        {
            "time": "14:00 - 16:00",
            "location": "S205",
            "module": "TP-1 Intelligence artificielle",
            "professor": "El Younoussi"
        },
        {
            "time": "16:30 - 18:00",
            "event": "Activités des étudiants"
        }
    ],
    "Jeudi": [
        {
            "time": "08:00 - 10:00",
            "location": "S205",
            "module": "TP-1 Programmation Web 2",
            "professor": "Al Achhab"
        },
        {
            "time": "10:30 - 12:30",
            "location": "S205",
            "module": "Programmation Web 2",
            "professor": "Al Achhab"
        },
        {
            "time": "14:00 - 16:00",
            "location": "S205",
            "module": "TP-2 Programmation Web 2",
            "professor": "Al Achhab"
        }
    ],
    "Vendredi": [
        {
            "time": "10:30 - 12:30",
            "location": "S205",
            "module": "TP-1 Programmation réseaux et sécurité Info",
            "professor": "A.Tahiri"
        },
        {
            "time": "14:00 - 16:00",
            "location": "S205",
            "module": "Programmation réseaux et sécurité Info",
            "professor": "A.Tahiri"
        },
        {
            "time": "16:30 - 18:00",
            "location": "S205",
            "module": "TP-2 Programmation réseaux et sécurité Info",
            "professor": "A.Tahiri"
        }
    ],
    "Samedi": [
        {
            "time": "08:00 - 10:00",
            "location": "S205",
            "module": "TP-1 Java avancé",
            "professor": "El Hajjamy"
        },
        {
            "time": "10:30 - 12:30",
            "location": "S205",
            "module": "Java avancé",
            "professor": "El Hajjamy"
        },
        {
            "time": "14:00 - 16:00",
            "location": "S205",
            "module": "TP-2 Java avancé",
            "professor": "El Hajjamy"
        }
    ]
}