{
    "Lundi": [
        {
            "time": "10:30 - 12:00",
            "location": "CRL",
            "module": "Langues étrangères 2",
            "professor": "Nejjari/Malla Hussein"
        }
    ],
    "Mardi": [
        {
            "time": "08:30 - 10:00",
            "location": "S106",
            "module": "Matériaux pour l'industrie et RDM",
            "professor": "Nasri"
        },
        {
            "time": "10:30 - 12:00",
            "location": "S106",
            "module": "Matériaux pour l'industrie et RDM",
            "professor": "Nasri"
        }
    ],
    "Mercredi": [
        {
            "time": "08:30 - 10:00",
            "location": "S106",
            "module": "Automatique",
            "professor": "O.Benzarouala"
        },
        {
            "time": "10:30 - 12:00",
            "location": "S106",
            "module": "Automatique",
            "professor": "O.Benzarouala"
        },
        {
            "time": "14:30 - 18:00",
            "event": "Activités des étudiants"
        }
    ],
    "Jeudi": [
        {
            "time": "12:30 - 14:00",
            "location": "Amphi",
            "module": "Culture & arts & sport skills",
            "professor": "Hira"
        },
        {
            "time": "14:30 - 16:00",
            "location": "S106",
            "module": "Mécanique",
            "professor": "O.Benzarouala"
        },
        {
            "time": "16:30 - 18:00",
            "location": "S106",
            "module": "Mécanique",
            "professor": "O.Benzarouala"
        }
    ],
    "Vendredi": [
        {
            "time": "08:30 - 10:00",
            "location": "S106",
            "module": "Énergétique et Mécanique des Fluides",
            "professor": "O.Benzarouala"
        },
        {
            "time": "10:30 - 12:00",
            "location": "S106",
            "module": "Énergétique et Mécanique des Fluides",
            "professor": "O.Benzarouala"
        },
        {
            "time": "14:30 - 16:00",
            "location": "Amphi",
            "module": "Modélisation et POO",
            "professor": "Jourani"
        },
        {
            "time": "16:30 - 18:00",
            "location": "Amphi",
            "module": "Modélisation et POO",
            "professor": "Jourani"
        }
    ],
    "Samedi": []
}