{
    "Lundi": [
        {
            "time": "08:30 - 10:00",
            "location": "STPI7",
            "module": "TP1 - Théories des Langages et Compilation",
            "professor": "Al Achhab"
        },
        {
            "time": "10:30 - 12:00",
            "location": "STPI7",
            "module": "Théories des Langages et Compilation",
            "professor": "Al Achhab"
        },
        {
            "time": "14:30 - 16:00",
            "location": "STPI7",
            "module": "TP2 - Théories des Langages et Compilation",
            "professor": "Al Achhab"
        }
    ],
    "Mardi": [
        {
            "time": "08:30 - 10:00",
            "location": "STPI7",
            "module": "TP2 - Développement Web",
            "professor": "Jourani"
        },
        {
            "time": "10:30 - 12:00",
            "location": "STPI7",
            "module": "Développement Web",
            "professor": "Jourani"
        },
        {
            "time": "12:30 - 14:00",
            "location": "STPI7",
            "module": "TP1 - Développement Web",
            "professor": "Jourani"
        },
        {
            "time": "14:30 - 16:00",
            "location": "CRL",
            "module": "Langues étrangères 2",
            "professor": "Nejjari/Malla Hussein"
        }
    ],
    "Mercredi": [
        {
            "time": "08:30 - 10:00",
            "location": "STPI7",
            "module": "Modélisation Orientée Objet",
            "professor": "Besri"
        },
        {
            "time": "10:30 - 12:00",
            "location": "STPI7",
            "module": "Modélisation Orientée Objet",
            "professor": "Besri"
        },
        {
            "time": "14:30 - 18:00",
            "event": "Activités des étudiants"
        }
    ],
    "Jeudi": [
        {
            "time": "08:30 - 10:00",
            "location": "STPI7",
            "module": "TP1 - Programmation Orientée Objet Java",
            "professor": "El Bouhdidi"
        },
        {
            "time": "10:30 - 12:00",
            "location": "STPI7",
            "module": "Programmation Orientée Objet Java",
            "professor": "El Bouhdidi"
        },
        {
            "time": "12:30 - 14:00",
            "location": "STPI7",
            "module": "TP2 - Programmation Orientée Objet Java",
            "professor": "El Bouhdidi"
        },
        {
            "time": "14:30 - 16:00",
            "location": "Amphi",
            "module": "Culture & arts & sport skills",
            "professor": "Hira"
        }
    ],
    "Vendredi": [
        {
            "time": "08:30 - 10:00",
            "location": "STPI7",
            "module": "TP2 - Systèmes d’Exploitation et Linux",
            "professor": "El Bouhdidi"
        },
        {
            "time": "10:30 - 12:00",
            "location": "STPI7",
            "module": "Systèmes d’Exploitation et Linux",
            "professor": "El Bouhdidi"
        },
        {
            "time": "14:30 - 16:00",
            "location": "STPI7",
            "module": "TP1 - Systèmes d’Exploitation et Linux",
            "professor": "El Bouhdidi"
        }
    ],
    "Samedi": []
}