{
    "Lundi": [
        {
            "time": "14:00 - 16:00",
            "location": "Amphi",
            "module": "Management 2",
            "professor": "Ech-Charrat"
        },
        {
            "time": "16:30 - 18:00",
            "location": "Amphi",
            "module": "Management 2",
            "professor": "Ech-Charrat"
        }
    ],
    "Mardi": [
        {
            "time": "08:00 - 10:00",
            "location": "S204",
            "module": "Exploration et analyse des données",
            "professor": "Ech-Charrat"
        },
        {
            "time": "10:30 - 12:30",
            "location": "S204",
            "module": "Exploration et analyse des données",
            "professor": "Ech-Charrat"
        },
        {
            "time": "14:00 - 16:00",
            "location": "S204",
            "module": "Analyse Fonctionnelle et Analyse de la valeur",
            "professor": "Sarir"
        },
        {
            "time": "16:30 - 18:00",
            "location": "S204",
            "module": "Analyse Fonctionnelle et Analyse de la valeur",
            "professor": "Sarir"
        }
    ],
    "Mercredi": [
        {
            "time": "08:00 - 10:00",
            "location": "S204",
            "module": "Ordonnancement de la production",
            "professor": "Ben Yakoub"
        },
        {
            "time": "10:30 - 12:30",
            "location": "S204",
            "module": "Ordonnancement de la production",
            "professor": "Ben Yakoub"
        },
        {
            "time": "14:00 - 18:00",
            "event": "Activités des étudiants"
        }
    ],
    "Jeudi": [
        {
            "time": "14:00 - 16:00",
            "location": "S204",
            "module": "Théorie de l'aide à la décision",
            "professor": "Ait Lhassan"
        },
        {
            "time": "16:30 - 18:00",
            "location": "S204",
            "module": "Théorie de l'aide à la décision",
            "professor": "Ait Lhassan"
        }
    ],
    "Vendredi": [
        {
            "time": "08:00 - 10:00",
            "location": "S204",
            "module": "Technologie Entreprise"
        },
        {
            "time": "10:30 - 12:30",
            "location": "S204",
            "module": "Technologie Entreprise"
        }
    ],
    "Samedi": []
}