{
    "Lundi": [
        {
            "time": "08:00 - 10:00",
            "location": "S200",
            "module": "Construction métallique",
            "professor": "Attajkani"
        },
        {
            "time": "10:30 - 12:30",
            "location": "S200",
            "module": "TD Construction métallique",
            "professor": "Attajkani"
        },
        {
            "time": "14:30 - 16:30",
            "location": "Amphi",
            "module": "Management 2",
            "professor": "Ech-Charrat"
        }
    ],
    "Mardi": [
        {
            "time": "08:00 - 10:00",
            "location": "S200",
            "module": "Routes",
            "professor": "Bannour"
        },
        {
            "time": "10:30 - 12:30",
            "location": "S200",
            "module": "TD Routes",
            "professor": "Bannour"
        }
    ],
    "Mercredi": [
        {
            "time": "08:00 - 10:00",
            "location": "S200",
            "module": "Calcul des structures",
            "professor": "El-Bakari"
        },
        {
            "time": "10:30 - 12:30",
            "location": "S200",
            "module": "TD Calcul des structures",
            "professor": "El-Bakari"
        },
        {
            "time": "14:30 - 18:00",
            "event": "Activités des étudiants"
        }
    ],
    "Jeudi": [
        {
            "time": "08:00 - 10:00",
            "location": "S200",
            "module": "Béton armé",
            "professor": "Attajkani"
        },
        {
            "time": "10:30 - 12:30",
            "location": "S200",
            "module": "TD Béton armé",
            "professor": "Attajkani"
        }
    ],
    "Vendredi": [
        {
            "time": "08:00 - 10:00",
            "location": "S200",
            "module": "Hydraulique urbaine",
            "professor": "M.Tahiri"
        },
        {
            "time": "10:30 - 12:30",
            "location": "S200",
            "module": "TD Hydraulique urbaine",
            "professor": "M.Tahiri"
        }
    ],
    "Samedi": []
}